rows,cols,format,saving_time,loading_time,file_size
100000,10,xml,1.3551878929138184,1.9893121719360352,17.91939640045166
300000,10,xml,3.475172996520996,6.025066137313843,53.7583532333374
500000,10,xml,5.757205963134766,10.013790130615234,89.59843444824219
1000000,10,xml,11.67778205871582,19.70194697380066,179.1968479156494
2500000,10,xml,30.039654970169067,52.0864531993866,447.98900508880615
5000000,10,xml,61.92030906677246,140.34917497634888,895.974534034729
